<?xml version="1.0" encoding="UTF-8"?>
<!DOCTYPE suite SYSTEM "https://testng.org/testng-1.0.dtd">
<suite name="Suite">
	<listeners>
		<listener class-name="utilities.ExtentReport" />
	</listeners>
	<parameter name="Browser" value="Chrome" />
	<!--<parameter name="Browser" value="Edge" />
	<parameter name="Browser" value="FireFox" />-->
	<parameter name="Url" value="https://08d282-f8.myshopify.com"></parameter>
	<test thread-count="5" name="Test">
		<classes>
			<class name="sampleAdidas.Store.SampleAdidasStoreTestInWeb" />
			<class name="mobileTest.SampleAdidasStoreTestInMobile" />
		</classes>
	</test> <!--
	Test -->
</suite> <!--
Suite -->
